epoch,time,train/box_loss,train/cls_loss,train/dfl_loss,metrics/precision(B),metrics/recall(B),metrics/mAP50(B),metrics/mAP50-95(B),val/box_loss,val/cls_loss,val/dfl_loss,lr/pg0,lr/pg1,lr/pg2
1,6.21763,1.26516,2.29554,1.32274,0.89897,0.33333,0.42766,0.34526,0.72953,2.06563,1.0626,0,0,0
2,12.0408,1.46923,2.22933,1.46104,0.88933,0.33333,0.45112,0.36715,0.69374,2.0216,1.04765,1.967e-05,1.967e-05,1.967e-05
3,17.3676,1.10206,2.19877,1.28397,0.94162,0.33333,0.53305,0.40277,0.69573,2.00153,1.04071,3.868e-05,3.868e-05,3.868e-05
4,22.6242,1.13414,1.73164,1.33462,0.47494,0.88889,0.62729,0.4135,0.78138,2.04509,1.1746,5.703e-05,5.703e-05,5.703e-05
5,27.8676,0.78885,1.38834,1.11221,0.52936,0.87566,0.63916,0.4042,0.86096,2.30267,1.27511,7.472e-05,7.472e-05,7.472e-05
6,33.7195,0.71536,1.16433,1.07517,0.6827,0.95838,0.72423,0.47717,0.87291,2.50472,1.31422,9.175e-05,9.175e-05,9.175e-05
7,39.8434,0.69386,0.94984,1.03958,0.58564,1,0.68071,0.44211,0.85503,2.92969,1.25894,0.00010812,0.00010812,0.00010812
8,45.6172,0.5883,0.82053,0.97954,0.6272,1,0.72105,0.44768,0.85166,2.9666,1.22227,0.00012383,0.00012383,0.00012383
9,51.7813,0.62711,0.80754,1.02305,0.74579,1,0.9455,0.60561,0.91604,2.85745,1.29572,0.00013888,0.00013888,0.00013888
10,57.5377,0.56626,0.7395,0.98112,0.95583,1,0.995,0.70455,0.86507,3.11497,1.20724,0.00015327,0.00015327,0.00015327
11,63.3183,0.56315,0.72752,0.92115,0.95184,1,0.995,0.75563,0.71935,3.43617,1.02608,0.000167,0.000167,0.000167
12,69.2433,0.58942,0.63876,0.96976,0.85734,1,0.995,0.77303,0.68464,3.06369,0.98743,0.00018007,0.00018007,0.00018007
13,74.743,0.5073,0.55783,0.91678,0.77615,1,0.995,0.80724,0.68917,2.72977,0.98744,0.00019248,0.00019248,0.00019248
14,80.4996,0.54244,0.55735,0.90223,0.75585,1,0.995,0.79641,0.68279,2.47322,0.98302,0.00020423,0.00020423,0.00020423
15,86.2965,0.47494,0.45712,0.88856,0.78161,1,0.995,0.75851,0.71111,2.86677,0.98685,0.00021532,0.00021532,0.00021532
16,92.2986,0.55895,0.54134,0.94816,0.74526,1,0.995,0.75045,0.72096,2.81148,0.9974,0.00022575,0.00022575,0.00022575
17,98.2349,0.55984,0.692,1.00682,0.77263,1,0.995,0.77811,0.69437,2.45659,1.00572,0.00023552,0.00023552,0.00023552
18,103.894,0.52176,0.54381,0.87803,0.77263,1,0.995,0.77811,0.69437,2.45659,1.00572,0.00024463,0.00024463,0.00024463
19,109.79,0.5006,0.5658,0.88706,0.87712,1,0.995,0.72117,0.68111,1.90322,1.04628,0.00025308,0.00025308,0.00025308
20,115.659,0.52334,0.50865,0.90673,0.87712,1,0.995,0.72117,0.68111,1.90322,1.04628,0.00026087,0.00026087,0.00026087
21,121.489,0.52534,0.55021,0.86752,0.89173,1,0.995,0.72166,0.85257,1.30769,1.23406,0.000268,0.000268,0.000268
22,127.428,0.52468,0.52224,0.89381,0.89173,1,0.995,0.72166,0.85257,1.30769,1.23406,0.00027447,0.00027447,0.00027447
23,133.593,0.47069,0.43015,0.87039,0.87237,1,0.995,0.71149,0.96203,1.26482,1.41238,0.00028028,0.00028028,0.00028028
24,139.626,0.4307,0.42123,0.88143,0.87237,1,0.995,0.71149,0.96203,1.26482,1.41238,0.00028543,0.00028543,0.00028543
25,145.822,0.48812,0.43874,0.87683,0.83669,1,0.995,0.70675,0.99128,1.4373,1.48592,0.00028992,0.00028992,0.00028992
26,151.817,0.45737,0.40379,0.87446,0.83669,1,0.995,0.70675,0.99128,1.4373,1.48592,0.00029375,0.00029375,0.00029375
27,158.055,0.4646,0.41741,0.88383,0.81446,1,0.995,0.69975,1.07807,1.18597,1.62374,0.00029692,0.00029692,0.00029692
28,163.888,0.43962,0.37758,0.87419,0.81446,1,0.995,0.69975,1.07807,1.18597,1.62374,0.00029943,0.00029943,0.00029943
29,169.975,0.48147,0.47928,0.91766,0.81931,1,0.984,0.68412,1.08429,1.19222,1.64495,0.00030128,0.00030128,0.00030128
30,175.861,0.44661,0.40579,0.8432,0.81931,1,0.984,0.68412,1.08429,1.19222,1.64495,0.00030247,0.00030247,0.00030247
31,182.144,0.41749,0.40327,0.83834,0.81358,0.9719,0.975,0.62653,1.08622,1.41855,1.58054,0.000303,0.000303,0.000303
32,188.044,0.40923,0.42649,0.86993,0.81358,0.9719,0.975,0.62653,1.08622,1.41855,1.58054,0.00030287,0.00030287,0.00030287
33,194.034,0.43078,0.42488,0.86814,0.68594,1,0.93915,0.62323,1.12948,1.81065,1.6078,0.00030208,0.00030208,0.00030208
34,200.044,0.37653,0.36806,0.8727,0.68594,1,0.93915,0.62323,1.12948,1.81065,1.6078,0.00030063,0.00030063,0.00030063
35,206.134,0.39348,0.35724,0.8642,0.64157,0.99478,0.9053,0.62794,1.14802,2.35776,1.59521,0.00029852,0.00029852,0.00029852
36,212.388,0.39736,0.36109,0.86441,0.64157,0.99478,0.9053,0.62794,1.14802,2.35776,1.59521,0.00029575,0.00029575,0.00029575
37,217.848,0.36568,0.33783,0.85567,0.56054,0.99252,0.8575,0.56297,1.22743,2.84634,1.6503,0.00029232,0.00029232,0.00029232
38,223.03,0.35584,0.33264,0.86844,0.56054,0.99252,0.8575,0.56297,1.22743,2.84634,1.6503,0.00028823,0.00028823,0.00028823
39,228.649,0.37058,0.34148,0.82218,0.53603,0.77778,0.78677,0.48747,1.25779,3.14567,1.68707,0.00028348,0.00028348,0.00028348
40,234.522,0.43146,0.36032,0.87492,0.53603,0.77778,0.78677,0.48747,1.25779,3.14567,1.68707,0.00027807,0.00027807,0.00027807
41,240.858,0.37131,0.36519,0.87954,0.69997,0.77778,0.81244,0.51795,1.28172,2.84356,1.71639,0.000272,0.000272,0.000272
42,246.731,0.36857,0.33352,0.84648,0.69997,0.77778,0.81244,0.51795,1.28172,2.84356,1.71639,0.00026527,0.00026527,0.00026527
43,252.452,0.39522,0.34416,0.84406,0.676,0.77778,0.77971,0.50763,1.2489,2.49798,1.64703,0.00025788,0.00025788,0.00025788
44,258.73,0.36018,0.3262,0.85418,0.676,0.77778,0.77971,0.50763,1.2489,2.49798,1.64703,0.00024983,0.00024983,0.00024983
45,264.994,0.33174,0.30468,0.8335,0.61066,0.77778,0.73336,0.46045,1.32485,2.69402,1.7142,0.00024112,0.00024112,0.00024112
46,270.771,0.34879,0.30937,0.84243,0.61066,0.77778,0.73336,0.46045,1.32485,2.69402,1.7142,0.00023175,0.00023175,0.00023175
47,276.587,0.33173,0.33916,0.82059,0.49918,0.88616,0.58333,0.36664,1.35243,3.06625,1.74678,0.00022172,0.00022172,0.00022172
48,282.383,0.31348,0.28512,0.84043,0.49918,0.88616,0.58333,0.36664,1.35243,3.06625,1.74678,0.00021103,0.00021103,0.00021103
49,288.629,0.34794,0.29094,0.8709,0.4969,0.87856,0.58427,0.3145,1.34528,3.60118,1.74876,0.00019968,0.00019968,0.00019968
50,293.875,0.3192,0.29924,0.85882,0.4969,0.87856,0.58427,0.3145,1.34528,3.60118,1.74876,0.00018767,0.00018767,0.00018767
51,299.166,0.33325,0.4003,0.83359,0.4953,0.87321,0.55711,0.31468,1.37981,3.72078,1.82829,0.000175,0.000175,0.000175
52,304.529,0.33786,0.37176,0.81333,0.4953,0.87321,0.55711,0.31468,1.37981,3.72078,1.82829,0.00016167,0.00016167,0.00016167
53,310.145,0.33044,0.41914,0.8446,0.4953,0.87321,0.55711,0.31468,1.37981,3.72078,1.82829,0.00014768,0.00014768,0.00014768
54,315.759,0.43084,0.4948,0.83633,0.49681,0.87826,0.5365,0.29849,1.39038,3.44696,1.87571,0.00013303,0.00013303,0.00013303
55,321.613,0.30579,0.33884,0.82616,0.49681,0.87826,0.5365,0.29849,1.39038,3.44696,1.87571,0.00011772,0.00011772,0.00011772
56,327.55,0.36417,0.38261,0.8236,0.49681,0.87826,0.5365,0.29849,1.39038,3.44696,1.87571,0.00010175,0.00010175,0.00010175
57,333.428,0.32368,0.34182,0.82447,0.53807,0.66667,0.53051,0.30045,1.39713,3.11194,1.91677,8.512e-05,8.512e-05,8.512e-05
58,339.314,0.31446,0.3125,0.81984,0.53807,0.66667,0.53051,0.30045,1.39713,3.11194,1.91677,6.783e-05,6.783e-05,6.783e-05
59,345.279,0.35096,0.36192,0.81581,0.53807,0.66667,0.53051,0.30045,1.39713,3.11194,1.91677,4.988e-05,4.988e-05,4.988e-05
60,351.418,0.2802,0.30995,0.81516,0.53775,0.66667,0.5147,0.30295,1.3905,3.00106,1.92815,3.127e-05,3.127e-05,3.127e-05
1,6.55848,1.24883,2.31026,1.33271,0.26925,0.64706,0.46187,0.36693,0.58964,1.69553,1.00398,0,0,0
2,11.8546,1.33619,2.31065,1.399,0.42781,0.52941,0.54684,0.44301,0.56558,1.62743,0.99624,1.967e-05,1.967e-05,1.967e-05
3,17.2466,1.16887,2.07091,1.27975,0.71329,0.58824,0.67601,0.55499,0.55274,1.52365,0.9919,3.868e-05,3.868e-05,3.868e-05
4,22.3649,1.01444,1.66052,1.2646,0.8821,0.58824,0.78368,0.63275,0.58576,1.46918,1.03039,5.703e-05,5.703e-05,5.703e-05
5,27.561,0.83669,1.38807,1.16679,0.94669,0.58824,0.83987,0.69038,0.51851,1.51479,0.97875,7.472e-05,7.472e-05,7.472e-05
6,32.9685,0.76416,1.06328,1.04197,0.76312,0.94118,0.9251,0.74463,0.58277,1.61415,1.06507,9.175e-05,9.175e-05,9.175e-05
7,38.1833,0.65562,0.88316,1.00847,0.79276,0.94118,0.9454,0.77689,0.63379,1.71525,1.1061,0.00010812,0.00010812,0.00010812
8,43.2295,0.66652,0.76068,0.9915,0.80489,0.97137,0.95405,0.76759,0.63058,1.84043,1.05337,0.00012383,0.00012383,0.00012383
9,48.6953,0.6269,0.66412,0.93057,0.7883,0.87644,0.9475,0.76605,0.61934,1.93341,0.99658,0.00013888,0.00013888,0.00013888
10,54.029,0.64395,0.64297,0.95171,0.8807,0.86911,0.93662,0.78607,0.58736,1.98174,0.96753,0.00015327,0.00015327,0.00015327
11,59.2638,0.52032,0.63644,0.92012,0.86211,0.88235,0.94424,0.81274,0.54384,1.91797,0.94629,0.000167,0.000167,0.000167
12,64.2987,0.52219,0.54425,0.88708,0.84459,0.95971,0.97708,0.83844,0.52822,1.59825,0.94409,0.00018007,0.00018007,0.00018007
13,69.3412,0.51712,0.57549,0.9054,0.9411,0.93991,0.96889,0.81891,0.50229,1.40603,0.93871,0.00019248,0.00019248,0.00019248
14,74.6078,0.50812,0.50385,0.89157,0.94361,0.985,0.98222,0.834,0.49509,1.14964,0.93992,0.00020423,0.00020423,0.00020423
15,79.7135,0.49206,0.50808,0.91362,0.92195,0.94118,0.94692,0.8508,0.50521,1.08385,0.94346,0.00021532,0.00021532,0.00021532
16,84.8856,0.56052,0.56797,0.95461,0.9438,0.98841,0.96278,0.84332,0.49125,0.97097,0.93392,0.00022575,0.00022575,0.00022575
17,89.9402,0.46555,0.51219,0.86829,0.89424,0.99496,0.97209,0.87617,0.47636,0.86757,0.92229,0.00023552,0.00023552,0.00023552
18,95.1728,0.40429,0.46041,0.90834,0.89424,0.99496,0.97209,0.87617,0.47636,0.86757,0.92229,0.00024463,0.00024463,0.00024463
19,100.252,0.4808,0.49964,0.90812,0.94373,0.98719,0.96889,0.86261,0.46265,0.92322,0.91829,0.00025308,0.00025308,0.00025308
20,105.204,0.42682,0.42178,0.84675,0.94373,0.98719,0.96889,0.86261,0.46265,0.92322,0.91829,0.00026087,0.00026087,0.00026087
21,110.254,0.39453,0.45589,0.88656,0.93203,1,0.95278,0.86582,0.4737,0.88801,0.92346,0.000268,0.000268,0.000268
22,115.629,0.39883,0.37192,0.86249,0.93203,1,0.95278,0.86582,0.4737,0.88801,0.92346,0.00027447,0.00027447,0.00027447
23,120.813,0.43204,0.39733,0.87161,0.88326,1,0.9578,0.85617,0.48219,0.88386,0.91718,0.00028028,0.00028028,0.00028028
24,126.106,0.49072,0.50796,0.90046,0.88326,1,0.9578,0.85617,0.48219,0.88386,0.91718,0.00028543,0.00028543,0.00028543
25,131.285,0.50658,0.45517,0.94538,0.84658,1,0.96632,0.875,0.47137,0.89647,0.90171,0.00028992,0.00028992,0.00028992
26,136.362,0.41154,0.38865,0.86874,0.84658,1,0.96632,0.875,0.47137,0.89647,0.90171,0.00029375,0.00029375,0.00029375
27,141.48,0.46475,0.45723,0.89513,0.84766,1,0.97691,0.86886,0.47302,0.85405,0.90885,0.00029692,0.00029692,0.00029692
28,146.97,0.41944,0.43143,0.85471,0.84766,1,0.97691,0.86886,0.47302,0.85405,0.90885,0.00029943,0.00029943,0.00029943
29,151.997,0.38491,0.41403,0.83662,0.84665,1,0.90203,0.79719,0.48176,0.91859,0.93481,0.00030128,0.00030128,0.00030128
30,157.041,0.3831,0.36196,0.85928,0.84665,1,0.90203,0.79719,0.48176,0.91859,0.93481,0.00030247,0.00030247,0.00030247
31,162.765,0.40932,0.36693,0.88045,0.84485,1,0.88791,0.78631,0.46448,1.01401,0.94301,0.000303,0.000303,0.000303
32,168.102,0.37101,0.35583,0.8432,0.84485,1,0.88791,0.78631,0.46448,1.01401,0.94301,0.00030287,0.00030287,0.00030287
33,173.2,0.39841,0.36589,0.84706,0.82703,1,0.89026,0.77238,0.48065,1.07844,0.95679,0.00030208,0.00030208,0.00030208
34,178.476,0.41741,0.34956,0.86075,0.82703,1,0.89026,0.77238,0.48065,1.07844,0.95679,0.00030063,0.00030063,0.00030063
35,183.833,0.43016,0.37008,0.88645,0.77216,1,0.89598,0.77559,0.50307,1.02528,0.97179,0.00029852,0.00029852,0.00029852
36,189.99,0.375,0.33631,0.84153,0.77216,1,0.89598,0.77559,0.50307,1.02528,0.97179,0.00029575,0.00029575,0.00029575
37,196.051,0.39856,0.32929,0.85252,0.7495,0.88011,0.88269,0.77471,0.5081,1.04097,0.97253,0.00029232,0.00029232,0.00029232
38,201.374,0.4177,0.35147,0.85104,0.7495,0.88011,0.88269,0.77471,0.5081,1.04097,0.97253,0.00028823,0.00028823,0.00028823
39,206.696,0.40885,0.39791,0.88049,0.7492,0.87876,0.84567,0.74554,0.49814,1.00935,0.96923,0.00028348,0.00028348,0.00028348
40,212.011,0.34591,0.35537,0.84768,0.7492,0.87876,0.84567,0.74554,0.49814,1.00935,0.96923,0.00027807,0.00027807,0.00027807
41,217.241,0.39463,0.35343,0.88373,0.74835,0.88235,0.8723,0.76666,0.50528,1.01392,0.97241,0.000272,0.000272,0.000272
42,222.382,0.34197,0.29126,0.83564,0.74835,0.88235,0.8723,0.76666,0.50528,1.01392,0.97241,0.00026527,0.00026527,0.00026527
43,227.676,0.34951,0.28602,0.86667,0.72566,0.94118,0.90066,0.77408,0.53087,1.00553,0.9824,0.00025788,0.00025788,0.00025788
44,232.688,0.35388,0.35344,0.85835,0.72566,0.94118,0.90066,0.77408,0.53087,1.00553,0.9824,0.00024983,0.00024983,0.00024983
45,237.996,0.37624,0.3171,0.8499,0.76139,0.93861,0.91286,0.77385,0.55461,0.96199,0.98509,0.00024112,0.00024112,0.00024112
46,243.216,0.37177,0.3411,0.84614,0.76139,0.93861,0.91286,0.77385,0.55461,0.96199,0.98509,0.00023175,0.00023175,0.00023175
47,248.484,0.37506,0.36613,0.84887,0.87895,0.85512,0.91174,0.7675,0.55004,0.85444,0.97716,0.00022172,0.00022172,0.00022172
48,253.745,0.36848,0.32595,0.87048,0.87895,0.85512,0.91174,0.7675,0.55004,0.85444,0.97716,0.00021103,0.00021103,0.00021103
49,258.829,0.34627,0.31423,0.86261,0.77212,0.99672,0.91324,0.76015,0.53225,0.7664,0.97304,0.00019968,0.00019968,0.00019968
50,263.935,0.33896,0.31379,0.84828,0.77212,0.99672,0.91324,0.76015,0.53225,0.7664,0.97304,0.00018767,0.00018767,0.00018767
51,269.324,0.33311,0.4174,0.80207,0.88419,0.89885,0.92509,0.81137,0.5177,0.75105,0.97379,0.000175,0.000175,0.000175
52,274.568,0.32521,0.35018,0.80741,0.88419,0.89885,0.92509,0.81137,0.5177,0.75105,0.97379,0.00016167,0.00016167,0.00016167
53,279.704,0.2834,0.30316,0.83076,0.88419,0.89885,0.92509,0.81137,0.5177,0.75105,0.97379,0.00014768,0.00014768,0.00014768
54,285.14,0.30593,0.34261,0.8221,0.79954,0.94118,0.89647,0.78643,0.49087,0.76867,0.97196,0.00013303,0.00013303,0.00013303
55,290.476,0.29699,0.30921,0.79048,0.79954,0.94118,0.89647,0.78643,0.49087,0.76867,0.97196,0.00011772,0.00011772,0.00011772
56,296.311,0.31314,0.35425,0.81789,0.79954,0.94118,0.89647,0.78643,0.49087,0.76867,0.97196,0.00010175,0.00010175,0.00010175
57,307.622,0.27412,0.30115,0.78719,0.83265,0.87826,0.86142,0.75461,0.47773,0.76288,0.97198,8.512e-05,8.512e-05,8.512e-05
1,12.4157,1.35376,2.43838,1.41771,0.4616,0.62963,0.62512,0.51735,0.55692,1.53608,1.01589,0,0,0
58,318.245,0.28584,0.32464,0.82714,0.83265,0.87826,0.86142,0.75461,0.47773,0.76288,0.97198,6.783e-05,6.783e-05,6.783e-05
2,23.9754,1.31967,2.34622,1.40896,0.54197,0.65759,0.6885,0.58059,0.53263,1.44874,1.00329,1.967e-05,1.967e-05,1.967e-05
59,328.027,0.28086,0.30466,0.81292,0.83265,0.87826,0.86142,0.75461,0.47773,0.76288,0.97198,4.988e-05,4.988e-05,4.988e-05
3,34.598,1.18469,2.03897,1.35061,0.74628,0.654,0.7894,0.66974,0.51553,1.32089,0.98668,3.868e-05,3.868e-05,3.868e-05
60,336.559,0.29812,0.32531,0.80606,0.75629,0.94118,0.846,0.74885,0.47042,0.76778,0.97075,3.127e-05,3.127e-05,3.127e-05
4,43.7691,0.96272,1.71385,1.23487,0.68041,0.88889,0.86411,0.7366,0.51884,1.29022,1.0069,5.703e-05,5.703e-05,5.703e-05
5,50.1221,0.88909,1.32923,1.14233,0.81478,0.88889,0.9292,0.78444,0.45993,1.42604,0.96634,7.472e-05,7.472e-05,7.472e-05
6,56.1464,0.79246,1.04932,1.07773,0.83644,1,0.97118,0.81881,0.44883,1.61308,0.94851,9.175e-05,9.175e-05,9.175e-05
7,62.23,0.68362,0.81259,0.9864,0.84316,1,0.99145,0.83213,0.47602,1.70252,0.94979,0.00010812,0.00010812,0.00010812
8,68.3946,0.62641,0.96696,1.04015,0.89753,1,0.995,0.81883,0.47328,1.57157,0.93901,0.00012383,0.00012383,0.00012383
9,74.4103,0.59743,0.71571,0.96087,0.96813,1,0.995,0.83036,0.44575,1.50193,0.92242,0.00013888,0.00013888,0.00013888
10,80.7045,0.58903,0.67027,0.97018,0.94424,1,0.995,0.87573,0.41336,1.48045,0.9196,0.00015327,0.00015327,0.00015327
11,86.8676,0.54519,0.65406,0.9605,0.9305,0.99192,0.99293,0.91094,0.40906,1.29534,0.91852,0.000167,0.000167,0.000167
12,93.2042,0.48273,0.55818,0.89252,0.93157,1,0.995,0.91927,0.39749,1.15208,0.91767,0.00018007,0.00018007,0.00018007
13,99.5705,0.53406,0.52904,0.92635,0.97454,1,0.995,0.90497,0.39539,1.12341,0.91694,0.00019248,0.00019248,0.00019248
14,105.638,0.49668,0.48324,0.91206,0.99135,1,0.995,0.92891,0.38956,1.00734,0.90874,0.00020423,0.00020423,0.00020423
15,112.019,0.47715,0.50549,0.8944,0.99258,1,0.995,0.9382,0.38377,0.80407,0.90583,0.00021532,0.00021532,0.00021532
16,118.135,0.49874,0.53736,0.89635,1,0.98411,0.995,0.9212,0.4076,0.68361,0.91105,0.00022575,0.00022575,0.00022575
17,124.091,0.47115,0.43641,0.89419,0.99466,1,0.995,0.90834,0.42839,0.69234,0.9172,0.00023552,0.00023552,0.00023552
18,130.391,0.48737,0.60737,0.94606,0.99466,1,0.995,0.90834,0.42839,0.69234,0.9172,0.00024463,0.00024463,0.00024463
19,136.512,0.48749,0.43437,0.8702,0.99669,1,0.995,0.91335,0.40885,0.75951,0.90518,0.00025308,0.00025308,0.00025308
20,142.453,0.51652,0.43908,0.89572,0.99669,1,0.995,0.91335,0.40885,0.75951,0.90518,0.00026087,0.00026087,0.00026087
21,148.373,0.538,0.52492,1.01452,0.99804,1,0.995,0.9042,0.39156,0.77046,0.888,0.000268,0.000268,0.000268
22,154.576,0.43281,0.40806,0.88735,0.99804,1,0.995,0.9042,0.39156,0.77046,0.888,0.00027447,0.00027447,0.00027447
23,160.481,0.48336,0.45275,0.93829,0.99797,1,0.995,0.92772,0.37147,0.61137,0.86877,0.00028028,0.00028028,0.00028028
24,166.218,0.52835,0.46798,0.87905,0.99797,1,0.995,0.92772,0.37147,0.61137,0.86877,0.00028543,0.00028543,0.00028543
25,171.971,0.47001,0.48199,0.9262,0.99783,1,0.995,0.91342,0.41306,0.55406,0.88843,0.00028992,0.00028992,0.00028992
26,177.944,0.48188,0.42186,0.88868,0.99783,1,0.995,0.91342,0.41306,0.55406,0.88843,0.00029375,0.00029375,0.00029375
27,183.907,0.43444,0.46664,0.91208,0.99779,1,0.995,0.91233,0.41671,0.65372,0.89413,0.00029692,0.00029692,0.00029692
28,189.945,0.42411,0.39863,0.85851,0.99779,1,0.995,0.91233,0.41671,0.65372,0.89413,0.00029943,0.00029943,0.00029943
29,196.055,0.44956,0.3614,0.86662,0.99781,1,0.995,0.91531,0.40934,0.62853,0.88282,0.00030128,0.00030128,0.00030128
30,201.845,0.46542,0.42324,0.88529,0.99781,1,0.995,0.91531,0.40934,0.62853,0.88282,0.00030247,0.00030247,0.00030247
31,208.311,0.42169,0.42439,0.88478,0.99794,1,0.995,0.92178,0.37526,0.52872,0.86642,0.000303,0.000303,0.000303
32,214.375,0.41039,0.35512,0.85766,0.99794,1,0.995,0.92178,0.37526,0.52872,0.86642,0.00030287,0.00030287,0.00030287
33,220.389,0.4489,0.38169,0.86826,0.99787,1,0.995,0.92159,0.38459,0.46984,0.87407,0.00030208,0.00030208,0.00030208
34,226.365,0.39706,0.35692,0.85736,0.99787,1,0.995,0.92159,0.38459,0.46984,0.87407,0.00030063,0.00030063,0.00030063
35,232.46,0.37685,0.35076,0.86375,0.99743,1,0.995,0.92513,0.3965,0.51782,0.87827,0.00029852,0.00029852,0.00029852
36,238.557,0.44619,0.36311,0.90473,0.99743,1,0.995,0.92513,0.3965,0.51782,0.87827,0.00029575,0.00029575,0.00029575
37,244.573,0.44267,0.38487,0.89014,0.99623,1,0.995,0.92169,0.36704,0.52892,0.86939,0.00029232,0.00029232,0.00029232
38,250.859,0.39912,0.3723,0.85965,0.99623,1,0.995,0.92169,0.36704,0.52892,0.86939,0.00028823,0.00028823,0.00028823
39,257.274,0.36831,0.37252,0.83632,0.98849,1,0.995,0.93042,0.33805,0.55448,0.85849,0.00028348,0.00028348,0.00028348
40,263.51,0.46702,0.4487,0.90753,0.98849,1,0.995,0.93042,0.33805,0.55448,0.85849,0.00027807,0.00027807,0.00027807
41,269.632,0.41054,0.338,0.8721,0.96207,1,0.995,0.94729,0.31812,0.58319,0.85499,0.000272,0.000272,0.000272
42,275.675,0.38965,0.32583,0.84751,0.96207,1,0.995,0.94729,0.31812,0.58319,0.85499,0.00026527,0.00026527,0.00026527
43,281.562,0.38211,0.31157,0.83912,0.959,1,0.995,0.94632,0.31029,0.51806,0.85235,0.00025788,0.00025788,0.00025788
44,287.529,0.39313,0.33856,0.86981,0.959,1,0.995,0.94632,0.31029,0.51806,0.85235,0.00024983,0.00024983,0.00024983
45,293.44,0.38092,0.31818,0.85829,0.96153,1,0.995,0.9675,0.29972,0.44528,0.84934,0.00024112,0.00024112,0.00024112
46,299.552,0.39798,0.30702,0.86853,0.96153,1,0.995,0.9675,0.29972,0.44528,0.84934,0.00023175,0.00023175,0.00023175
47,305.643,0.41116,0.33786,0.86232,0.96368,1,0.995,0.95398,0.29807,0.40167,0.85221,0.00022172,0.00022172,0.00022172
48,311.513,0.41232,0.31776,0.88155,0.96368,1,0.995,0.95398,0.29807,0.40167,0.85221,0.00021103,0.00021103,0.00021103
49,317.62,0.38952,0.31972,0.8761,0.99171,1,0.995,0.95068,0.29837,0.35359,0.84899,0.00019968,0.00019968,0.00019968
50,323.529,0.36464,0.31082,0.85974,0.99171,1,0.995,0.95068,0.29837,0.35359,0.84899,0.00018767,0.00018767,0.00018767
51,329.536,0.37937,0.49574,0.8487,0.99618,1,0.995,0.95343,0.29761,0.33438,0.84635,0.000175,0.000175,0.000175
52,335.337,0.32182,0.38885,0.82208,0.99618,1,0.995,0.95343,0.29761,0.33438,0.84635,0.00016167,0.00016167,0.00016167
53,341.164,0.35681,0.37631,0.847,0.99618,1,0.995,0.95343,0.29761,0.33438,0.84635,0.00014768,0.00014768,0.00014768
54,346.997,0.36474,0.41521,0.82283,0.99796,1,0.995,0.96744,0.28576,0.33011,0.84346,0.00013303,0.00013303,0.00013303
55,352.91,0.37633,0.40677,0.83398,0.99796,1,0.995,0.96744,0.28576,0.33011,0.84346,0.00011772,0.00011772,0.00011772
56,359.087,0.37145,0.4148,0.7708,0.99796,1,0.995,0.96744,0.28576,0.33011,0.84346,0.00010175,0.00010175,0.00010175
57,365.045,0.36397,0.37748,0.85591,0.99786,1,0.995,0.95975,0.27705,0.33377,0.84211,8.512e-05,8.512e-05,8.512e-05
58,370.97,0.32721,0.35491,0.81918,0.99786,1,0.995,0.95975,0.27705,0.33377,0.84211,6.783e-05,6.783e-05,6.783e-05
59,376.955,0.31466,0.34705,0.7788,0.99786,1,0.995,0.95975,0.27705,0.33377,0.84211,4.988e-05,4.988e-05,4.988e-05
60,383.484,0.30704,0.34851,0.79833,0.99782,1,0.995,0.97359,0.26967,0.33269,0.84014,3.127e-05,3.127e-05,3.127e-05
1,8.06879,1.35376,2.43838,1.41771,0.56729,0.60518,0.56159,0.44612,0.62266,1.51363,1.0261,0,0,0
2,14.673,1.24937,2.28032,1.32314,0.59734,0.63462,0.65087,0.52866,0.5979,1.38812,1.00751,1.967e-05,1.967e-05,1.967e-05
3,21.0319,1.10148,2.10376,1.31253,0.70531,0.73077,0.80206,0.65564,0.55003,1.17147,0.97232,3.868e-05,3.868e-05,3.868e-05
4,27.3667,0.99583,1.64922,1.17115,0.84609,0.84575,0.8964,0.76937,0.50048,1.0991,0.95255,5.703e-05,5.703e-05,5.703e-05
5,33.71,0.92665,1.34527,1.15254,0.91548,0.86538,0.96182,0.83647,0.4913,1.1762,0.9558,7.472e-05,7.472e-05,7.472e-05
6,40.0556,0.75066,1.07472,1.01479,0.91043,0.97738,0.98149,0.84331,0.49562,1.26211,0.94837,9.175e-05,9.175e-05,9.175e-05
7,46.2736,0.69855,0.86501,0.99317,0.89951,0.98077,0.98609,0.85045,0.51794,1.19775,0.95097,0.00010812,0.00010812,0.00010812
8,52.4396,0.72634,1.19278,1.11634,0.91983,0.96154,0.98682,0.84391,0.52514,0.99682,0.95167,0.00012383,0.00012383,0.00012383
9,58.5204,0.56611,0.67159,0.90496,0.95652,0.96154,0.98919,0.85416,0.47281,1.00982,0.90387,0.00013888,0.00013888,0.00013888
10,64.8568,0.60525,0.78974,0.99173,0.95198,0.98077,0.99002,0.88616,0.42661,1.14362,0.88606,0.00015327,0.00015327,0.00015327
11,71.2548,0.63419,0.70199,0.96607,0.92801,0.98077,0.99023,0.90457,0.39556,1.11742,0.87722,0.000167,0.000167,0.000167
12,77.5027,0.61157,0.65903,0.98413,0.94529,0.99683,0.99369,0.91183,0.38593,0.97219,0.86898,0.00018007,0.00018007,0.00018007
13,83.7294,0.55378,0.51736,0.91598,0.96289,0.99809,0.99195,0.92064,0.37414,0.90098,0.86543,0.00019248,0.00019248,0.00019248
14,89.8817,0.54098,0.51732,0.94536,0.94374,1,0.99315,0.92363,0.38067,0.85984,0.86671,0.00020423,0.00020423,0.00020423
1,9.04312,1.35376,2.43838,1.41771,0.41448,0.51282,0.41241,0.30315,0.76117,1.66803,1.12707,0,0,0
2,17.1637,1.39492,2.23584,1.42072,0.52549,0.53846,0.50526,0.37357,0.72558,1.55432,1.10005,1.967e-05,1.967e-05,1.967e-05
3,24.0982,1.2648,2.17327,1.35579,0.62949,0.53846,0.6279,0.47841,0.67824,1.35218,1.07336,3.868e-05,3.868e-05,3.868e-05
4,30.8083,0.99229,1.65671,1.2135,0.66308,0.76923,0.75243,0.58423,0.64831,1.1713,1.05092,5.703e-05,5.703e-05,5.703e-05
5,38.3332,0.93025,1.31326,1.15008,0.69247,0.87179,0.83477,0.67278,0.62273,1.15633,1.03472,7.472e-05,7.472e-05,7.472e-05
6,46.6728,0.73944,1.04044,1.09563,0.76582,0.91026,0.89113,0.72536,0.62916,1.24313,1.02767,9.175e-05,9.175e-05,9.175e-05
7,53.9551,0.66744,0.90607,0.99428,0.89091,0.87179,0.9278,0.75406,0.61395,1.16392,1.00831,0.00010812,0.00010812,0.00010812
8,60.5498,0.66739,0.87033,1.01256,0.90716,0.88462,0.94962,0.77974,0.61883,0.98724,0.99626,0.00012383,0.00012383,0.00012383
9,67.3711,0.65043,0.77335,0.98955,0.93372,0.90303,0.96315,0.80589,0.57747,1.03957,0.95605,0.00013888,0.00013888,0.00013888
10,74.2379,0.61761,0.70084,0.97967,0.8833,0.97046,0.97622,0.84259,0.54943,1.0933,0.94125,0.00015327,0.00015327,0.00015327
11,80.9478,0.52948,0.63964,0.89117,0.91517,0.96826,0.9797,0.85405,0.52233,1.07378,0.93531,0.000167,0.000167,0.000167
12,88.0033,0.5478,0.52891,0.93248,0.93842,0.96154,0.98674,0.8779,0.49625,0.98407,0.92477,0.00018007,0.00018007,0.00018007
13,94.6615,0.54927,0.52544,0.92576,0.94902,0.97436,0.98804,0.88226,0.47914,0.97077,0.90371,0.00019248,0.00019248,0.00019248
14,101.408,0.54268,0.55037,0.99346,0.93805,1,0.99087,0.87669,0.48227,0.91489,0.89918,0.00020423,0.00020423,0.00020423
15,108.345,0.50182,0.51031,0.91441,0.95983,1,0.99399,0.88166,0.50299,0.78668,0.9097,0.00021532,0.00021532,0.00021532
16,115.039,0.5196,0.54626,0.90692,0.97884,0.98718,0.99364,0.88905,0.50002,0.71401,0.90969,0.00022575,0.00022575,0.00022575
17,121.874,0.52744,0.48628,0.9249,0.9851,0.98718,0.99308,0.88485,0.49698,0.68797,0.89455,0.00023552,0.00023552,0.00023552
18,128.595,0.49809,0.42841,0.89373,0.9851,0.98718,0.99308,0.88485,0.49698,0.68797,0.89455,0.00024463,0.00024463,0.00024463
19,135.312,0.51142,0.45378,0.86254,0.98422,0.98718,0.99245,0.8928,0.48264,0.63421,0.88927,0.00025308,0.00025308,0.00025308
20,141.853,0.51688,0.54676,0.93463,0.98422,0.98718,0.99245,0.8928,0.48264,0.63421,0.88927,0.00026087,0.00026087,0.00026087
21,148.516,0.48992,0.53443,0.91357,0.98666,0.98718,0.99392,0.90524,0.45407,0.59326,0.88109,0.000268,0.000268,0.000268
22,155.198,0.49121,0.45809,0.92477,0.98666,0.98718,0.99392,0.90524,0.45407,0.59326,0.88109,0.00027447,0.00027447,0.00027447
23,161.956,0.47561,0.45153,0.90772,0.99879,1,0.995,0.91134,0.44042,0.57249,0.87756,0.00028028,0.00028028,0.00028028
24,168.479,0.4731,0.47447,0.90926,0.99879,1,0.995,0.91134,0.44042,0.57249,0.87756,0.00028543,0.00028543,0.00028543
25,175.199,0.44227,0.50554,0.9007,0.98723,0.99085,0.99487,0.90076,0.45017,0.57367,0.88347,0.00028992,0.00028992,0.00028992
26,182.117,0.46735,0.42975,0.91069,0.98723,0.99085,0.99487,0.90076,0.45017,0.57367,0.88347,0.00029375,0.00029375,0.00029375
27,277.401,0.46477,0.44196,0.90806,0.99635,1,0.995,0.90058,0.43762,0.60381,0.87892,0.00029692,0.00029692,0.00029692
28,386.656,0.45351,0.40322,0.8651,0.99635,1,0.995,0.90058,0.43762,0.60381,0.87892,0.00029943,0.00029943,0.00029943
29,400.628,0.45396,0.40644,0.89254,0.99651,1,0.995,0.89354,0.46209,0.58588,0.88457,0.00030128,0.00030128,0.00030128
30,849.748,0.44245,0.37276,0.84754,0.99651,1,0.995,0.89354,0.46209,0.58588,0.88457,0.00030247,0.00030247,0.00030247
31,1049.63,0.43428,0.373,0.90017,0.99837,1,0.995,0.9,0.43894,0.49314,0.86969,0.000303,0.000303,0.000303
32,1156.07,0.43816,0.37102,0.87681,0.99837,1,0.995,0.9,0.43894,0.49314,0.86969,0.00030287,0.00030287,0.00030287
33,1390.9,0.44748,0.36346,0.85266,0.99922,1,0.995,0.91792,0.39175,0.3877,0.85268,0.00030208,0.00030208,0.00030208
34,1694.55,0.43115,0.377,0.87164,0.99922,1,0.995,0.91792,0.39175,0.3877,0.85268,0.00030063,0.00030063,0.00030063
35,1800.32,0.49521,0.40017,0.92154,0.99923,1,0.995,0.91982,0.36766,0.35664,0.83893,0.00029852,0.00029852,0.00029852
36,2318.07,0.382,0.36372,0.86032,0.99923,1,0.995,0.91982,0.36766,0.35664,0.83893,0.00029575,0.00029575,0.00029575
37,2525.57,0.45674,0.36662,0.86527,0.99915,1,0.995,0.93223,0.35529,0.38409,0.83513,0.00029232,0.00029232,0.00029232
38,2534.06,0.40166,0.40168,0.84127,0.99915,1,0.995,0.93223,0.35529,0.38409,0.83513,0.00028823,0.00028823,0.00028823
39,2542.22,0.39965,0.42428,0.85157,0.99902,1,0.995,0.92979,0.37294,0.43742,0.83699,0.00028348,0.00028348,0.00028348
40,2549.22,0.43166,0.36908,0.86823,0.99902,1,0.995,0.92979,0.37294,0.43742,0.83699,0.00027807,0.00027807,0.00027807
41,2556.99,0.38339,0.36583,0.86392,0.99906,1,0.995,0.93748,0.34905,0.43076,0.82916,0.000272,0.000272,0.000272
42,2563.74,0.39653,0.33544,0.88564,0.99906,1,0.995,0.93748,0.34905,0.43076,0.82916,0.00026527,0.00026527,0.00026527
43,2570.48,0.39291,0.34416,0.85492,0.99893,1,0.995,0.95295,0.32329,0.39552,0.82094,0.00025788,0.00025788,0.00025788
44,2577.16,0.33994,0.29613,0.84687,0.99893,1,0.995,0.95295,0.32329,0.39552,0.82094,0.00024983,0.00024983,0.00024983
45,2583.99,0.4197,0.34839,0.86155,0.99849,1,0.995,0.95169,0.31821,0.35699,0.81867,0.00024112,0.00024112,0.00024112
46,2590.94,0.38514,0.33176,0.84956,0.99849,1,0.995,0.95169,0.31821,0.35699,0.81867,0.00023175,0.00023175,0.00023175
47,2597.66,0.37833,0.3394,0.85897,0.99812,1,0.995,0.9531,0.30539,0.33621,0.817,0.00022172,0.00022172,0.00022172
48,2604.82,0.41234,0.342,0.86707,0.99812,1,0.995,0.9531,0.30539,0.33621,0.817,0.00021103,0.00021103,0.00021103
49,2611.93,0.37773,0.31828,0.85698,0.99836,1,0.995,0.95521,0.28598,0.31429,0.81375,0.00019968,0.00019968,0.00019968
50,2618.55,0.36441,0.31274,0.84067,0.99836,1,0.995,0.95521,0.28598,0.31429,0.81375,0.00018767,0.00018767,0.00018767
51,2625.2,0.35112,0.45929,0.84584,0.99861,1,0.995,0.95844,0.28946,0.29367,0.81289,0.000175,0.000175,0.000175
52,2632,0.33009,0.4228,0.84072,0.99861,1,0.995,0.95844,0.28946,0.29367,0.81289,0.00016167,0.00016167,0.00016167
53,2638.86,0.33897,0.41029,0.81621,0.99861,1,0.995,0.95844,0.28946,0.29367,0.81289,0.00014768,0.00014768,0.00014768
54,2645.79,0.34516,0.41174,0.83903,0.99881,1,0.995,0.96138,0.29388,0.28135,0.81169,0.00013303,0.00013303,0.00013303
55,2652.63,0.31945,0.35905,0.80948,0.99881,1,0.995,0.96138,0.29388,0.28135,0.81169,0.00011772,0.00011772,0.00011772
56,2659.47,0.34806,0.36046,0.79153,0.99881,1,0.995,0.96138,0.29388,0.28135,0.81169,0.00010175,0.00010175,0.00010175
57,2666.28,0.38351,0.37576,0.82222,0.99887,1,0.995,0.95456,0.29042,0.27605,0.81051,8.512e-05,8.512e-05,8.512e-05
58,2672.99,0.33057,0.3242,0.79169,0.99887,1,0.995,0.95456,0.29042,0.27605,0.81051,6.783e-05,6.783e-05,6.783e-05
59,2679.7,0.36761,0.35472,0.83068,0.99887,1,0.995,0.95456,0.29042,0.27605,0.81051,4.988e-05,4.988e-05,4.988e-05
60,2686.43,0.32997,0.33259,0.79489,0.99881,1,0.995,0.95772,0.28467,0.27307,0.80947,3.127e-05,3.127e-05,3.127e-05
